{
  "classification_endpoints": {},
  "regression_endpoints": {
    "Acute oral toxicity (LD50)": {
      "task_index": 0,
      "task_name": "Acute oral toxicity (LD50)",
      "n_samples": 1405,
      "y_true_mean": 2.5627052783966064,
      "y_true_std": 0.9550474286079407,
      "y_pred_mean": 2.533834934234619,
      "y_pred_std": 0.8395004868507385,
      "mse": 0.33608874678611755,
      "rmse": 0.5797316161691698,
      "mae": 0.4128515422344208,
      "r2": 0.631528377532959
    },
    "LC50DM": {
      "task_index": 1,
      "task_name": "LC50DM",
      "n_samples": 68,
      "y_true_mean": 4.227029800415039,
      "y_true_std": 1.7303680181503296,
      "y_pred_mean": 4.075985431671143,
      "y_pred_std": 1.4444375038146973,
      "mse": 0.7158589363098145,
      "rmse": 0.8460844735071165,
      "mae": 0.599058210849762,
      "r2": 0.760915994644165
    },
    "BCF": {
      "task_index": 2,
      "task_name": "BCF",
      "n_samples": 134,
      "y_true_mean": 1.8038591146469116,
      "y_true_std": 1.365100383758545,
      "y_pred_mean": 1.9706639051437378,
      "y_pred_std": 1.2791540622711182,
      "mse": 0.5573751926422119,
      "rmse": 0.7465756442867741,
      "mae": 0.5597409009933472,
      "r2": 0.7008985877037048
    },
    "LC50": {
      "task_index": 3,
      "task_name": "LC50",
      "n_samples": 162,
      "y_true_mean": 4.0577778816223145,
      "y_true_std": 1.427081823348999,
      "y_pred_mean": 4.0412678718566895,
      "y_pred_std": 1.3560701608657837,
      "mse": 0.5247215032577515,
      "rmse": 0.7243766308059306,
      "mae": 0.5245687961578369,
      "r2": 0.7423494458198547
    },
    "IGC50": {
      "task_index": 4,
      "task_name": "IGC50",
      "n_samples": 357,
      "y_true_mean": 3.31156587600708,
      "y_true_std": 0.9833918213844299,
      "y_pred_mean": 3.2703299522399902,
      "y_pred_std": 0.8889731764793396,
      "mse": 0.19206032156944275,
      "rmse": 0.43824687285757413,
      "mae": 0.3273528218269348,
      "r2": 0.8013976216316223
    }
  },
  "summary": {
    "regression": {
      "avg_r2": 0.7274180054664612,
      "avg_rmse": 0.667003047525313,
      "avg_mae": 0.4847144544124603,
      "n_tasks_evaluated": 5
    }
  },
  "uncertainty": {}
}