{
  "classification_endpoints": {},
  "regression_endpoints": {
    "Acute oral toxicity (LD50)": {
      "task_index": 0,
      "task_name": "Acute oral toxicity (LD50)",
      "n_samples": 532,
      "y_true_mean": 2.6063385009765625,
      "y_true_std": 0.9402188658714294,
      "y_pred_mean": 2.579033851623535,
      "y_pred_std": 0.928499162197113,
      "mse": 0.03577590361237526,
      "rmse": 0.18914519188278422,
      "mae": 0.13062767684459686,
      "r2": 0.9595300555229187
    },
    "LC50DM": {
      "task_index": 1,
      "task_name": "LC50DM",
      "n_samples": 21,
      "y_true_mean": 5.336571216583252,
      "y_true_std": 1.8237890005111694,
      "y_pred_mean": 5.292019844055176,
      "y_pred_std": 2.037909507751465,
      "mse": 0.15797343850135803,
      "rmse": 0.3974587255317941,
      "mae": 0.33422455191612244,
      "r2": 0.952506422996521
    },
    "BCF": {
      "task_index": 2,
      "task_name": "BCF",
      "n_samples": 44,
      "y_true_mean": 1.7374234199523926,
      "y_true_std": 1.349074363708496,
      "y_pred_mean": 1.7727237939834595,
      "y_pred_std": 1.4422082901000977,
      "mse": 0.05279836803674698,
      "rmse": 0.22977895472985985,
      "mae": 0.14936651289463043,
      "r2": 0.9709899425506592
    },
    "LC50": {
      "task_index": 3,
      "task_name": "LC50",
      "n_samples": 54,
      "y_true_mean": 4.1280927658081055,
      "y_true_std": 1.4346184730529785,
      "y_pred_mean": 4.213924407958984,
      "y_pred_std": 1.563002586364746,
      "mse": 0.13296917080879211,
      "rmse": 0.36464938065049846,
      "mae": 0.222706601023674,
      "r2": 0.935393214225769
    },
    "IGC50": {
      "task_index": 4,
      "task_name": "IGC50",
      "n_samples": 137,
      "y_true_mean": 3.2478976249694824,
      "y_true_std": 1.1101311445236206,
      "y_pred_mean": 3.1928417682647705,
      "y_pred_std": 1.0658265352249146,
      "mse": 0.03983217105269432,
      "rmse": 0.19957998660360293,
      "mae": 0.1338571459054947,
      "r2": 0.967678964138031
    }
  },
  "summary": {
    "regression": {
      "avg_r2": 0.9572197198867798,
      "avg_rmse": 0.2761224478797079,
      "avg_mae": 0.1941564977169037,
      "n_tasks_evaluated": 5
    }
  },
  "uncertainty": {}
}